<?xml version="1.0" encoding="UTF-8"?>
<hfstspeller dtdversion="1.0" hfstversion="3">
  <info>
    <locale>abe</locale>
    <!-- TODO: locale may need to be changed to 2-letter ISO 639-1 code -->
    <title>Apertium morphological analyser-based speller (Western Abnaki)</title>
    <description>
      A spellchecker for Western Abnaki.
    </description>
    <version vcsrev="GT_REVISION">7f0604115417ae370fa74ac659e2b1eee65262df</version>
    <date>DATE</date>
    <producer>Apertium contributors</producer>
    <contact email="hnguyen5@swarthmore.edu"
        website="http://apertium.org"/>
  </info>
  <acceptor type="general" id="acceptor.default.hfst">
    <title>Apertium dictionary (Western Abnaki)</title>
    <description>
        Apertium dictionary for Western Abnaki compiled for HFST.
    </description>
  </acceptor>
  <errmodel id="errmodel.default.hfst">
    <title>Levenshtein edit distance transducer</title>
    <description>
        Correction model for keyboard misstrokes, at most 2 per word.
    </description>
        <type type="default"/>
        <model>errmodel.default.hfst</model>
    </errmodel>
</hfstspeller>
