<?xml version="1.0" encoding="UTF-8"?>
<modes>

  <mode name="abe-twol" install="no">
    <pipeline>
      <program name="hfst-strings2fst -S"/>
      <program name="hfst-compose-intersect">
        <file name=".deps/abe.twol.hfst"/>
      </program>
      <program name="hfst-fst2strings"/>
    </pipeline>
  </mode>

  <mode name="abe-morph" install="yes">
    <pipeline>
      <program name="lt-proc -w">
        <file name="abe.automorf.bin"/>
      </program>
    </pipeline>
  </mode>


  <mode name="abe-lexd" install="no">
    <pipeline>
      <program name="hfst-lookup">
        <file name=".deps/abe.LR.lexd.hfst"/>
      </program>
    </pipeline>
  </mode>

  <mode name="abe-gener" install="yes">
    <pipeline>
      <program name="lt-proc -g">
        <file name="abe.autogen.bin"/>
      </program>
    </pipeline>
  </mode>

  <mode name="abe-tagger" install="yes">
    <pipeline>
      <program name="lt-proc -w">
        <file name="abe.automorf.bin"/>
      </program>
      <program name="cg-proc -w">
        <file name="abe.rlx.bin"/>
      </program>
    </pipeline>
  </mode>

  <mode name="abe-disam" install="yes">
    <pipeline>
      <program name="lt-proc -w">
        <file name="abe.automorf.bin"/>
      </program>
      <program name="cg-conv -a"/>
      <program name="vislcg3 --trace --grammar">
        <file name="abe.rlx.bin"/>
      </program>
    </pipeline>
  </mode>

  <mode name="abe-paradigm" install="yes">
    <pipeline>
      <program name="lt-paradigm -s">
        <file name="abe.autogen.bin"/>
      </program>
    </pipeline>
  </mode>

</modes>

